id;nom;prenom;sexe;telephone
1;reciprocal withdrawal;synthesize compressing;Feminin;679.582.3739 x2338
2;Coordinator world-class Adaptive;capacitor hard;Masculin;988.840.6882
3;Springs Jewelery;parsing Licensed morph;Feminin;555-912-1149 x066
4;Savings grey connect;Licensed;Masculin;1-840-729-5249
5;parsing orange copying;encoding Cape;Masculin;1-599-322-6714 x59888
6;Product;Plastic Small;Feminin;901-431-2021
7;National sexy;reboot;Feminin;591-348-9388 x8590
8;invoice Rubber Branding;Checking;Masculin;1-749-944-3836 x0788
9;array technologies;expedite Bedfordshire Director;Masculin;865.551.8199
10;index;e-business Loan;Masculin;887-819-7667
